path,fileType,approximatePurpose,featureArea,activeSource,test,configuration,documentation,integrationPackage,generatedEvidence,historicalOrLegacy,lastRelevantCommit,manuallyInspected,appearsActive,appearsUnused,riskLevel,notes
.env.example,.example,"Build, Firebase, CI, dependency or tooling config",configuration,false,false,true,false,false,false,false,93117d6,metadata only,true,false,low,Binary/generated or non-text metadata only; 533 bytes
.firebaserc,.firebaserc,"Build, Firebase, CI, dependency or tooling config",configuration,false,false,true,false,false,false,false,28bc592,yes - categorized by path/content scan,true,false,low,Tracked configuration; 56 bytes
.github/codeql/codeql-config.yml,.yml,"Build, Firebase, CI, dependency or tooling config",configuration,false,false,true,false,false,false,false,321d987,yes - categorized by path/content scan,true,false,low,Tracked configuration; 235 bytes
.github/dependabot.yml,.yml,"Build, Firebase, CI, dependency or tooling config",configuration,false,false,true,false,false,false,false,321d987,yes - categorized by path/content scan,true,false,low,Tracked configuration; 729 bytes
.github/workflows/daily-qa.yml,.yml,"Build, Firebase, CI, dependency or tooling config",system qa,false,false,true,false,false,false,false,ca93b26,yes - categorized by path/content scan,true,false,low,Tracked configuration; 2707 bytes
.gitignore,.gitignore,"Build, Firebase, CI, dependency or tooling config",configuration,false,false,true,false,false,false,false,93117d6,yes - categorized by path/content scan,true,false,low,Tracked configuration; 588 bytes
AI_AGENT_RULES.md,.md,Project documentation or historical phase record,documentation,false,false,false,true,false,false,false,1a1f43d,yes - categorized by path/content scan,true,false,low,Tracked documentation; 4437 bytes
AUDIT_PHASE_14_15_HANDOFF.md,.md,Project documentation or historical phase record,documentation,false,false,false,true,false,false,true,40b33f3,yes - categorized by path/content scan,true,false,low,Tracked documentation; 48826 bytes
PHASE_14B_REVIEW_FIX_HANDOFF.md,.md,Project documentation or historical phase record,documentation,false,false,false,true,false,false,true,1f7ec17,yes - categorized by path/content scan,true,false,low,Tracked documentation; 8221 bytes
PHASE_17D_D_ACCESS_WORKFLOW_READINESS.md,.md,Project documentation or historical phase record,documentation,false,false,false,true,false,false,true,d0c11f1,yes - categorized by path/content scan,true,false,medium,Tracked documentation; 4469 bytes
PHASE_17D_PLAN.md,.md,Project documentation or historical phase record,documentation,false,false,false,true,false,false,true,d0c11f1,yes - categorized by path/content scan,true,false,low,Tracked documentation; 9261 bytes
PHASE_17E_A_ACCESS_RULES_DATA_MODEL_REVIEW.md,.md,Project documentation or historical phase record,documentation,false,false,false,true,false,false,true,ac931a6,yes - categorized by path/content scan,true,false,medium,Tracked documentation; 6616 bytes
PHASE_17E_E_ACCESS_WORKFLOW_DEPLOYMENT_READINESS.md,.md,Project documentation or historical phase record,documentation,false,false,false,true,false,false,true,687c2d7,yes - categorized by path/content scan,true,false,medium,Tracked documentation; 7180 bytes
PHASE_17F_A_ACCESS_WORKFLOW_IMPLEMENTATION_PLAN.md,.md,Project documentation or historical phase record,documentation,false,false,false,true,false,false,true,d0c11f1,yes - categorized by path/content scan,true,false,medium,Tracked documentation; 5806 bytes
PHASE_17F_C_ACCESS_WORKFLOW_SMOKE_CHECKLIST.md,.md,Project documentation or historical phase record,check-in,false,false,false,true,false,false,true,98e2a0c,yes - categorized by path/content scan,true,false,medium,Tracked documentation; 2891 bytes
PHASE_17G_A_LIVE_WORKFLOW_GO_NO_GO_RULES_APPROVAL.md,.md,Project documentation or historical phase record,documentation,false,false,false,true,false,false,true,b2d4262,yes - categorized by path/content scan,true,false,low,Tracked documentation; 9312 bytes
PHASE_17G_B_FIRESTORE_RULES_DEPLOYMENT_FINAL_REVIEW.md,.md,Project documentation or historical phase record,firebase security,false,false,false,true,false,false,true,85a1bee,yes - categorized by path/content scan,true,false,low,Tracked documentation; 9707 bytes
PHASE_17R_RELEASE_STABILIZER_AUTOFIX.md,.md,Project documentation or historical phase record,documentation,false,false,false,true,false,false,true,ae30f30,yes - categorized by path/content scan,true,false,low,Tracked documentation; 2607 bytes
PHASE_18_CORE_APP_READINESS.md,.md,Project documentation or historical phase record,documentation,false,false,false,true,false,false,true,ae30f30,yes - categorized by path/content scan,true,false,low,Tracked documentation; 2176 bytes
PHASE_19_OPERATIONS_PRODUCTIVITY.md,.md,Project documentation or historical phase record,operations,false,false,false,true,false,false,true,ae30f30,yes - categorized by path/content scan,true,false,medium,Tracked documentation; 1494 bytes
PHASE_20_DASHBOARD_OPERATIONS_REAL_USE.md,.md,Project documentation or historical phase record,operations,false,false,false,true,false,false,true,23d2dbd,yes - categorized by path/content scan,true,false,medium,Tracked documentation; 3665 bytes
PHASE_21_EVENT_COMMAND_CENTER_OPTIONS.md,.md,Project documentation or historical phase record,documentation,false,false,false,true,false,false,true,c6392aa,yes - categorized by path/content scan,true,false,low,Tracked documentation; 1986 bytes
PHASE_22A_AUTH_RELIABILITY_LOCAL_REVIEW_FIX.md,.md,Project documentation or historical phase record,authentication,false,false,false,true,false,false,true,537c0ec,yes - categorized by path/content scan,true,false,medium,Tracked documentation; 3339 bytes
PHASE_22_ORGANIZER_EVENT_REVIEW.md,.md,Project documentation or historical phase record,documentation,false,false,false,true,false,false,true,e1380e3,yes - categorized by path/content scan,true,false,low,Tracked documentation; 6846 bytes
PHASE_23A_PRODUCT_STRUCTURE_UI_RESET.md,.md,Project documentation or historical phase record,documentation,false,false,false,true,false,false,true,e257a6e,yes - categorized by path/content scan,true,false,low,Tracked documentation; 6241 bytes
PHASE_23B_PAYMENTS_OPERATIONS_BOUNDARIES.md,.md,Project documentation or historical phase record,finance,false,false,false,true,false,false,true,1afdfbb,yes - categorized by path/content scan,true,false,medium,Tracked documentation; 5996 bytes
PHASE_23C_CPB_PAYMENT_RECONCILIATION_DRY_RUN.md,.md,Project documentation or historical phase record,finance,false,false,false,true,false,false,true,7b97001,yes - categorized by path/content scan,true,false,medium,Tracked documentation; 23611 bytes
PHASE_23D0_REGISTRATION_PAYMENT_EDITING_AUDIT.md,.md,Project documentation or historical phase record,registrations,false,false,false,true,false,false,true,871cb09,yes - categorized by path/content scan,true,false,medium,Tracked documentation; 9796 bytes
PHASE_23E_NEW_CPB_MANIFEST_REGENERATION.md,.md,Project documentation or historical phase record,documentation,false,false,false,true,false,false,true,5d3781b,yes - categorized by path/content scan,true,false,low,Tracked documentation; 3433 bytes
PHASE_23F_CPB_MANIFEST_APPROVAL_PACKAGE.md,.md,Project documentation or historical phase record,documentation,false,false,false,true,false,false,true,5d3781b,yes - categorized by path/content scan,true,false,low,Tracked documentation; 3124 bytes
PHASE_23G_LOCKED_APPLY_ENGINE_CODEX_REHEARSAL.md,.md,Project documentation or historical phase record,documentation,false,false,false,true,false,false,true,5d3781b,yes - categorized by path/content scan,true,false,high,Tracked documentation; 2591 bytes
PHASE_23J_CPB_PRODUCTION_APPLY.md,.md,Project documentation or historical phase record,documentation,false,false,false,true,false,false,true,0b84316,yes - categorized by path/content scan,true,false,high,Tracked documentation; 9000 bytes
PHASE_23LA_AUDIT_LOG_APPEND_ONLY_INTEGRITY.md,.md,Project documentation or historical phase record,documentation,false,false,false,true,false,false,true,8b4cb4b,yes - categorized by path/content scan,true,false,low,Tracked documentation; 8320 bytes
PHASE_23N_SUBSETS_1_4_PRODUCTION_APPLY.md,.md,Project documentation or historical phase record,documentation,false,false,false,true,false,false,true,07b7a7e,yes - categorized by path/content scan,true,false,high,Tracked documentation; 7773 bytes
PROJECT_HANDOFF.md,.md,Project documentation or historical phase record,documentation,false,false,false,true,false,false,false,abe6e26,yes - categorized by path/content scan,true,false,low,Tracked documentation; 62427 bytes
QA_REPORT_2026-06-23_live-test-run.md,.md,Project documentation or historical phase record,system qa,false,false,false,true,false,false,false,73553dd,yes - categorized by path/content scan,true,false,low,Tracked documentation; 4703 bytes
README.md,.md,Project documentation or historical phase record,documentation,false,false,false,true,false,false,false,9a15eae,yes - categorized by path/content scan,true,false,low,Tracked documentation; 51169 bytes
docs/APP_WIDE_CPB_LANGUAGE_AUDIT_2026-07.md,.md,Project documentation or historical phase record,documentation,false,false,false,true,false,false,false,d0c11f1,yes - categorized by path/content scan,true,false,low,Tracked documentation; 5334 bytes
docs/BAKER_PAYMENT_GUIDE.md,.md,Project documentation or historical phase record,finance,false,false,false,true,false,false,false,15918f4,yes - categorized by path/content scan,true,false,medium,Tracked documentation; 1351 bytes
docs/CPB_HISTORICAL_ATTENDANCE_DRY_RUN.md,.md,Project documentation or historical phase record,documentation,false,false,false,true,false,false,false,9e5a605,yes - categorized by path/content scan,true,false,low,Tracked documentation; 4180 bytes
docs/DEPLOYMENT_GUIDE.md,.md,Project documentation or historical phase record,documentation,false,false,false,true,false,false,false,9ce8ccf,yes - categorized by path/content scan,true,false,low,Tracked documentation; 1134 bytes
docs/EVENT_DAY_GUIDE.md,.md,Project documentation or historical phase record,documentation,false,false,false,true,false,false,false,15918f4,yes - categorized by path/content scan,true,false,low,Tracked documentation; 1319 bytes
docs/EVENT_LIFECYCLE_GUIDE.md,.md,Project documentation or historical phase record,documentation,false,false,false,true,false,false,false,15918f4,yes - categorized by path/content scan,true,false,low,Tracked documentation; 1910 bytes
docs/FINANCE_EVIDENCE_GUIDE.md,.md,Project documentation or historical phase record,finance,false,false,false,true,false,false,false,9ce8ccf,yes - categorized by path/content scan,true,false,medium,Tracked documentation; 2120 bytes
docs/FULL_STACK_PRODUCT_REALITY_AUDIT_2026-07.md,.md,Project documentation or historical phase record,documentation,false,false,false,true,false,false,false,d0c11f1,yes - categorized by path/content scan,true,false,low,Tracked documentation; 10118 bytes
docs/HISTORICAL_ARCHIVE_INDEX.md,.md,Project documentation or historical phase record,documentation,false,false,false,true,false,false,true,9ce8ccf,yes - categorized by path/content scan,false,true,low,Tracked documentation; 1836 bytes
docs/KNOWN_LIMITATIONS.md,.md,Project documentation or historical phase record,documentation,false,false,false,true,false,false,false,d0c11f1,yes - categorized by path/content scan,true,false,low,Tracked documentation; 867 bytes
docs/NEW_EVENT_SETUP_GUIDE.md,.md,Project documentation or historical phase record,documentation,false,false,false,true,false,false,false,15918f4,yes - categorized by path/content scan,true,false,low,Tracked documentation; 2256 bytes
docs/OPERATIONS_GUIDE.md,.md,Project documentation or historical phase record,operations,false,false,false,true,false,false,false,15918f4,yes - categorized by path/content scan,true,false,medium,Tracked documentation; 2132 bytes
docs/ORGANIZER_QUICK_START.md,.md,Project documentation or historical phase record,documentation,false,false,false,true,false,false,false,d0c11f1,yes - categorized by path/content scan,true,false,low,Tracked documentation; 2050 bytes
docs/PRODUCT_GUIDE.md,.md,Project documentation or historical phase record,documentation,false,false,false,true,false,false,false,d0c11f1,yes - categorized by path/content scan,true,false,low,Tracked documentation; 10426 bytes
docs/PROTOTYPE_DEMO_GUIDE.md,.md,Project documentation or historical phase record,documentation,false,false,false,true,false,false,false,15918f4,yes - categorized by path/content scan,true,false,low,Tracked documentation; 2459 bytes
docs/QA_GUIDE.md,.md,Project documentation or historical phase record,system qa,false,false,false,true,false,false,false,d0c11f1,yes - categorized by path/content scan,true,false,low,Tracked documentation; 1163 bytes
docs/ROUTE_MAP.md,.md,Project documentation or historical phase record,documentation,false,false,false,true,false,false,false,d0c11f1,yes - categorized by path/content scan,true,false,low,Tracked documentation; 2464 bytes
docs/TUTORIAL_LEGACY_FAILURE_AUDIT_2026-07.md,.md,Project documentation or historical phase record,tutorial,false,false,false,true,false,false,true,67219c5,yes - categorized by path/content scan,false,true,low,Tracked documentation; 5029 bytes
docs/TUTORIAL_PRODUCTION_STRESS_RESULTS.md,.md,Project documentation or historical phase record,tutorial,false,false,false,true,false,false,false,67219c5,yes - categorized by path/content scan,true,false,high,Tracked documentation; 1277 bytes
docs/TUTORIAL_STEP_BY_STEP_TARGET_AUDIT_2026-07.md,.md,Project documentation or historical phase record,tutorial,false,false,false,true,false,false,false,0beba7f,yes - categorized by path/content scan,true,false,low,Tracked documentation; 5006 bytes
docs/TUTORIAL_V3_ARCHITECTURE.md,.md,Project documentation or historical phase record,tutorial,false,false,false,true,false,false,false,67219c5,yes - categorized by path/content scan,true,false,low,Tracked documentation; 4160 bytes
docs/VISUAL_LAYOUT_INFORMATION_ARCHITECTURE_REVIEW_2026-07.md,.md,Project documentation or historical phase record,documentation,false,false,false,true,false,false,false,4823628,yes - categorized by path/content scan,true,false,low,Tracked documentation; 13361 bytes
doctor.config.json,.json,"Build, Firebase, CI, dependency or tooling config",configuration,false,false,true,false,false,false,false,f322577,yes - categorized by path/content scan,true,false,low,Tracked configuration; 395 bytes
e2e/accessibility.spec.js,.js,Automated test or Playwright E2E,test,false,true,false,false,false,false,false,93117d6,yes - categorized by path/content scan,true,false,medium,Tracked test; 1716 bytes
e2e/navigation.spec.js,.js,Automated test or Playwright E2E,test,false,true,false,false,false,false,false,93117d6,yes - categorized by path/content scan,true,false,low,Tracked test; 861 bytes
e2e/responsive.spec.js,.js,Automated test or Playwright E2E,test,false,true,false,false,false,false,false,93117d6,yes - categorized by path/content scan,true,false,low,Tracked test; 1527 bytes
e2e/support.js,.js,Automated test or Playwright E2E,test,false,true,false,false,false,false,false,1e5f9df,yes - categorized by path/content scan,true,false,low,Tracked test; 2181 bytes
e2e/tutorial.spec.js,.js,Automated test or Playwright E2E,tutorial,false,true,false,false,false,false,false,0beba7f,yes - categorized by path/content scan,true,false,low,Tracked test; 5714 bytes
e2e/workflows.spec.js,.js,Automated test or Playwright E2E,test,false,true,false,false,false,false,false,0beba7f,yes - categorized by path/content scan,true,false,low,Tracked test; 11823 bytes
eslint.config.js,.js,"Build, Firebase, CI, dependency or tooling config",configuration,false,false,true,false,false,false,false,7fa95a1,yes - categorized by path/content scan,true,false,low,Tracked configuration; 770 bytes
firebase.json,.json,"Build, Firebase, CI, dependency or tooling config",configuration,false,false,true,false,false,false,false,93117d6,yes - categorized by path/content scan,true,false,medium,Tracked configuration; 1870 bytes
firestore.indexes.json,.json,"Build, Firebase, CI, dependency or tooling config",firebase security,false,false,true,false,false,false,false,d0b0da3,yes - categorized by path/content scan,true,false,low,Tracked configuration; 354 bytes
firestore.rules,.rules,"Build, Firebase, CI, dependency or tooling config",firebase security,false,false,true,false,false,false,false,0beba7f,yes - categorized by path/content scan,true,false,medium,Tracked configuration; 57155 bytes
index.html,.html,"Build, Firebase, CI, dependency or tooling config",configuration,false,false,true,false,false,false,false,15918f4,yes - categorized by path/content scan,true,false,low,Tracked configuration; 983 bytes
integrations/google-forms/Code.gs,.gs,External integration package or Firebase Function,google forms,false,false,false,false,true,false,false,2f7996f,yes - categorized by path/content scan,true,false,low,Tracked integration; 3873 bytes
integrations/google-forms/REMOVE.md,.md,Project documentation or historical phase record,google forms,false,false,false,true,false,false,false,2f7996f,yes - categorized by path/content scan,true,false,low,Tracked documentation; 556 bytes
integrations/google-forms/SETUP.md,.md,Project documentation or historical phase record,google forms,false,false,false,true,false,false,false,2f7996f,yes - categorized by path/content scan,true,false,low,Tracked documentation; 1571 bytes
integrations/google-forms/TESTING.md,.md,Project documentation or historical phase record,google forms,false,false,false,true,false,false,false,2f7996f,yes - categorized by path/content scan,true,false,low,Tracked documentation; 1103 bytes
integrations/google-forms/function/googleFormsReceiver.js,.js,External integration package or Firebase Function,google forms,false,false,false,false,true,false,false,2f7996f,yes - categorized by path/content scan,true,false,low,Tracked integration; 4383 bytes
output/security-stability-and-visual-reality/react-doctor-phase2.json,.json,generated evidence,generated evidence,false,false,false,false,false,true,true,2eb60d5,yes - categorized by path/content scan,true,false,low,Tracked generated evidence; 265335 bytes
package-lock.json,.json,"Build, Firebase, CI, dependency or tooling config",configuration,false,false,true,false,false,false,false,4492515,yes - categorized by path/content scan,true,false,medium,Tracked configuration; 344797 bytes
package.json,.json,"Build, Firebase, CI, dependency or tooling config",configuration,false,false,true,false,false,false,false,d0c11f1,yes - categorized by path/content scan,true,false,low,Tracked configuration; 3477 bytes
playwright.config.js,.js,"Build, Firebase, CI, dependency or tooling config",configuration,false,false,true,false,false,false,false,005b549,yes - categorized by path/content scan,true,false,low,Tracked configuration; 1348 bytes
public/favicon.svg,.svg,public,public,false,false,false,false,false,false,false,7fa95a1,metadata only,true,false,low,Binary/generated or non-text metadata only; 361 bytes
public/icons/app-icon-180.png,.png,public,public,false,false,false,false,false,false,false,1533357,metadata only,true,false,low,Binary/generated or non-text metadata only; 16524 bytes
public/icons/app-icon-192.png,.png,public,public,false,false,false,false,false,false,false,1533357,metadata only,true,false,low,Binary/generated or non-text metadata only; 18164 bytes
public/icons/app-icon-192.svg,.svg,public,public,false,false,false,false,false,false,false,1533357,metadata only,true,false,low,Binary/generated or non-text metadata only; 757 bytes
public/icons/app-icon-512.png,.png,public,public,false,false,false,false,false,false,false,1533357,metadata only,true,false,low,Binary/generated or non-text metadata only; 91698 bytes
public/icons/app-icon-512.svg,.svg,public,public,false,false,false,false,false,false,false,1533357,metadata only,true,false,low,Binary/generated or non-text metadata only; 783 bytes
public/manifest.webmanifest,.webmanifest,public,public,false,false,false,false,false,false,false,1533357,metadata only,true,false,low,Binary/generated or non-text metadata only; 633 bytes
public/robots.txt,.txt,public,public,false,false,false,false,false,false,false,a2d08e7,yes - categorized by path/content scan,true,false,low,Tracked public; 28 bytes
public/sw.js,.js,public,public,false,false,false,false,false,false,false,1533357,yes - categorized by path/content scan,true,false,low,Tracked public; 150 bytes
scripts/admin/ensureAccessControl.mjs,.mjs,Repository/admin/product script,script,false,false,false,false,false,false,false,7e8f8ab,yes - categorized by path/content scan,true,false,high,Tracked script; 2880 bytes
scripts/admin/ensureCodexTestEvent.mjs,.mjs,Repository/admin/product script,script,false,false,false,false,false,false,false,d0c11f1,yes - categorized by path/content scan,true,false,high,Tracked script; 5772 bytes
scripts/admin/generateCpbApprovalPackage.mjs,.mjs,Repository/admin/product script,script,false,false,false,false,false,false,false,5d271e2,yes - categorized by path/content scan,true,false,high,Tracked script; 11201 bytes
scripts/admin/generateCpbManifest.mjs,.mjs,Repository/admin/product script,script,false,false,false,false,false,false,false,d0c11f1,yes - categorized by path/content scan,true,false,high,Tracked script; 14695 bytes
scripts/admin/generatePhase23NFinancialEvidenceManifest.mjs,.mjs,Repository/admin/product script,script,false,false,false,false,false,false,true,4ecc0e9,yes - categorized by path/content scan,true,false,high,Tracked script; 21272 bytes
scripts/admin/runCodexApplyRehearsal.mjs,.mjs,Repository/admin/product script,script,false,false,false,false,false,false,false,d0c11f1,yes - categorized by path/content scan,true,false,high,Tracked script; 7974 bytes
scripts/admin/verifyFirebaseSetup.mjs,.mjs,Repository/admin/product script,script,false,false,false,false,false,false,false,84524a6,yes - categorized by path/content scan,true,false,high,Tracked script; 2098 bytes
scripts/admin/verifyProductionCounts.mjs,.mjs,Repository/admin/product script,script,false,false,false,false,false,false,false,d0c11f1,yes - categorized by path/content scan,true,false,high,Tracked script; 3852 bytes
scripts/admin/verifyProductionFixtures.mjs,.mjs,Repository/admin/product script,script,false,false,false,false,false,false,false,d0c11f1,yes - categorized by path/content scan,true,false,high,Tracked script; 3025 bytes
scripts/e2e/globalSetup.mjs,.mjs,Repository/admin/product script,script,false,false,false,false,false,false,false,67219c5,yes - categorized by path/content scan,true,false,low,Tracked script; 2595 bytes
scripts/product/bundleSummary.mjs,.mjs,Repository/admin/product script,script,false,false,false,false,false,false,false,321d987,yes - categorized by path/content scan,true,false,low,Tracked script; 976 bytes
scripts/product/copyScan.mjs,.mjs,Repository/admin/product script,script,false,false,false,false,false,false,false,9ce8ccf,yes - categorized by path/content scan,true,false,low,Tracked script; 1681 bytes
scripts/product/documentationCheck.mjs,.mjs,Repository/admin/product script,check-in,false,false,false,false,false,false,false,15918f4,yes - categorized by path/content scan,true,false,low,Tracked script; 4201 bytes
scripts/product/legacyControlCheck.mjs,.mjs,Repository/admin/product script,check-in,false,false,false,false,false,false,true,93117d6,yes - categorized by path/content scan,false,true,low,Tracked script; 681 bytes
scripts/product/routeInventory.mjs,.mjs,Repository/admin/product script,script,false,false,false,false,false,false,false,321d987,yes - categorized by path/content scan,true,false,low,Tracked script; 1509 bytes
scripts/product/runProductCommand.mjs,.mjs,Repository/admin/product script,script,false,false,false,false,false,false,false,93117d6,yes - categorized by path/content scan,true,false,low,Tracked script; 1165 bytes
src/App.jsx,.jsx,Application source,source,true,false,false,false,false,false,false,4492515,yes - categorized by path/content scan,true,false,low,Tracked source; 3634 bytes
src/auth/AuthContext.js,.js,Application source,authentication,true,false,false,false,false,false,false,7fa95a1,yes - categorized by path/content scan,true,false,medium,Tracked source; 86 bytes
src/auth/AuthProvider.jsx,.jsx,Application source,authentication,true,false,false,false,false,false,false,2e9ed09,yes - categorized by path/content scan,true,false,medium,Tracked source; 17996 bytes
src/auth/ProtectedRoute.jsx,.jsx,Application source,authentication,true,false,false,false,false,false,false,4492515,yes - categorized by path/content scan,true,false,medium,Tracked source; 772 bytes
src/auth/authFlow.js,.js,Application source,authentication,true,false,false,false,false,false,false,537c0ec,yes - categorized by path/content scan,true,false,medium,Tracked source; 3790 bytes
src/auth/useAuth.js,.js,Application source,authentication,true,false,false,false,false,false,false,7fa95a1,yes - categorized by path/content scan,true,false,medium,Tracked source; 257 bytes
src/components/AdminSearch.jsx,.jsx,Reusable UI component,components,true,false,false,false,false,false,false,4492515,yes - categorized by path/content scan,true,false,high,Tracked source; 5306 bytes
src/components/AppErrorBoundary.jsx,.jsx,Reusable UI component,components,true,false,false,false,false,false,false,93117d6,yes - categorized by path/content scan,true,false,low,Tracked source; 3870 bytes
src/components/AssignedEventGate.jsx,.jsx,Reusable UI component,components,true,false,false,false,false,false,false,93117d6,yes - categorized by path/content scan,true,false,low,Tracked source; 2942 bytes
src/components/BrandMark.jsx,.jsx,Reusable UI component,components,true,false,false,false,false,false,false,93117d6,yes - categorized by path/content scan,true,false,low,Tracked source; 900 bytes
src/components/LoadingScreen.jsx,.jsx,Reusable UI component,components,true,false,false,false,false,false,false,93117d6,yes - categorized by path/content scan,true,false,low,Tracked source; 580 bytes
src/components/ProductFooter.jsx,.jsx,Reusable UI component,components,true,false,false,false,false,false,false,80a551b,yes - categorized by path/content scan,true,false,low,Tracked source; 551 bytes
src/components/SystemHealthPanel.jsx,.jsx,Reusable UI component,components,true,false,false,false,false,false,false,93117d6,yes - categorized by path/content scan,true,false,low,Tracked source; 5390 bytes
src/components/checkin/QrScannerPanel.jsx,.jsx,Reusable UI component,check-in,true,false,false,false,false,false,false,0beba7f,yes - categorized by path/content scan,true,false,low,Tracked source; 12855 bytes
src/components/events/DeleteEventDialog.jsx,.jsx,Reusable UI component,components,true,false,false,false,false,false,false,7fa95a1,yes - categorized by path/content scan,true,false,high,Tracked source; 1786 bytes
src/components/events/EventFormModal.jsx,.jsx,Reusable UI component,components,true,false,false,false,false,false,false,0beba7f,yes - categorized by path/content scan,true,false,low,Tracked source; 48829 bytes
src/components/events/EventPlanningWorkspace.jsx,.jsx,Reusable UI component,components,true,false,false,false,false,false,false,0beba7f,yes - categorized by path/content scan,true,false,low,Tracked source; 25895 bytes
src/components/imports/FieldMappingForm.jsx,.jsx,Reusable UI component,imports,true,false,false,false,false,false,false,93117d6,yes - categorized by path/content scan,true,false,low,Tracked source; 8758 bytes
src/components/imports/ImportPreviewTable.jsx,.jsx,Reusable UI component,imports,true,false,false,false,false,false,false,93117d6,yes - categorized by path/content scan,true,false,low,Tracked source; 24337 bytes
src/components/imports/ImportSummary.jsx,.jsx,Reusable UI component,imports,true,false,false,false,false,false,false,4492515,yes - categorized by path/content scan,true,false,low,Tracked source; 1823 bytes
src/components/imports/ImportTemplatesPanel.jsx,.jsx,Reusable UI component,imports,true,false,false,false,false,false,false,0beba7f,yes - categorized by path/content scan,true,false,low,Tracked source; 13883 bytes
src/components/operations/PartnerCommitmentsPanel.jsx,.jsx,Reusable UI component,operations,true,false,false,false,false,false,false,0beba7f,yes - categorized by path/content scan,true,false,medium,Tracked source; 23996 bytes
src/components/registrations/DeleteRegistrationDialog.jsx,.jsx,Reusable UI component,registrations,true,false,false,false,false,false,false,d0b0da3,yes - categorized by path/content scan,true,false,high,Tracked source; 2184 bytes
src/components/registrations/ExportModal.jsx,.jsx,Reusable UI component,registrations,true,false,false,false,false,false,false,93117d6,yes - categorized by path/content scan,true,false,low,Tracked source; 4707 bytes
src/components/registrations/RegistrationCard.jsx,.jsx,Reusable UI component,registrations,true,false,false,false,false,false,false,9e5a605,yes - categorized by path/content scan,true,false,low,Tracked source; 5875 bytes
src/components/registrations/RegistrationFilters.jsx,.jsx,Reusable UI component,registrations,true,false,false,false,false,false,false,91b8610,yes - categorized by path/content scan,true,false,low,Tracked source; 7646 bytes
src/components/registrations/RegistrationFormModal.jsx,.jsx,Reusable UI component,registrations,true,false,false,false,false,false,false,93117d6,yes - categorized by path/content scan,true,false,low,Tracked source; 14656 bytes
src/components/tickets/TicketQrCode.jsx,.jsx,Reusable UI component,tickets,true,false,false,false,false,false,false,93117d6,yes - categorized by path/content scan,true,false,low,Tracked source; 3351 bytes
src/components/ui/EmptyState.jsx,.jsx,Reusable UI component,components,true,false,false,false,false,false,false,93117d6,yes - categorized by path/content scan,true,false,low,Tracked source; 1031 bytes
src/components/ui/ErrorState.jsx,.jsx,Reusable UI component,components,true,false,false,false,false,false,false,7fa95a1,yes - categorized by path/content scan,true,false,low,Tracked source; 744 bytes
src/components/ui/InfoHint.jsx,.jsx,Reusable UI component,components,true,false,false,false,false,false,false,93117d6,yes - categorized by path/content scan,true,false,low,Tracked source; 1089 bytes
src/components/ui/LoadingState.jsx,.jsx,Reusable UI component,components,true,false,false,false,false,false,false,93117d6,yes - categorized by path/content scan,true,false,low,Tracked source; 469 bytes
src/config/protectedOwner.js,.js,Application source,source,true,false,false,false,false,false,false,2e9ed09,yes - categorized by path/content scan,true,false,low,Tracked source; 503 bytes
src/events/ActiveEventContext.js,.js,Application source,source,true,false,false,false,false,false,false,7fa95a1,yes - categorized by path/content scan,true,false,low,Tracked source; 93 bytes
src/events/ActiveEventProvider.jsx,.jsx,Application source,source,true,false,false,false,false,false,false,7fa95a1,yes - categorized by path/content scan,true,false,low,Tracked source; 1423 bytes
src/events/useActiveEvent.js,.js,Application source,source,true,false,false,false,false,false,false,7fa95a1,yes - categorized by path/content scan,true,false,low,Tracked source; 299 bytes
src/layout/AppShell.jsx,.jsx,Application source,source,true,false,false,false,false,false,false,d0c11f1,yes - categorized by path/content scan,true,false,low,Tracked source; 13235 bytes
src/lib/firebase.js,.js,Application source,source,true,false,false,false,false,false,false,005b549,yes - categorized by path/content scan,true,false,low,Tracked source; 2454 bytes
src/lib/monitoring.js,.js,Application source,source,true,false,false,false,false,false,false,93117d6,yes - categorized by path/content scan,true,false,low,Tracked source; 1927 bytes
src/main.jsx,.jsx,Application source,source,true,false,false,false,false,false,false,4492515,yes - categorized by path/content scan,true,false,low,Tracked source; 962 bytes
src/pages/CheckInPage.jsx,.jsx,Route/page component,check-in,true,false,false,false,false,false,false,0beba7f,yes - categorized by path/content scan,true,false,low,Tracked source; 47449 bytes
src/pages/CommunicationsPage.jsx,.jsx,Route/page component,message builder,true,false,false,false,false,false,false,ebccf1f,yes - categorized by path/content scan,true,false,low,Tracked source; 22372 bytes
src/pages/DashboardPage.jsx,.jsx,Route/page component,routes,true,false,false,false,false,false,false,d0c11f1,yes - categorized by path/content scan,true,false,low,Tracked source; 24776 bytes
src/pages/EventReviewPage.jsx,.jsx,Route/page component,reports,true,false,false,false,false,false,false,1e5f9df,yes - categorized by path/content scan,true,false,low,Tracked source; 28086 bytes
src/pages/EventsPage.jsx,.jsx,Route/page component,routes,true,false,false,false,false,false,false,d0c11f1,yes - categorized by path/content scan,true,false,low,Tracked source; 20235 bytes
src/pages/ImportsPage.jsx,.jsx,Route/page component,imports,true,false,false,false,false,false,false,2f7996f,yes - categorized by path/content scan,true,false,low,Tracked source; 41746 bytes
src/pages/LoginPage.jsx,.jsx,Route/page component,routes,true,false,false,false,false,false,false,80a551b,yes - categorized by path/content scan,true,false,low,Tracked source; 15769 bytes
src/pages/NotFoundPage.jsx,.jsx,Route/page component,routes,true,false,false,false,false,false,false,4492515,yes - categorized by path/content scan,true,false,low,Tracked source; 905 bytes
src/pages/OperationsPage.jsx,.jsx,Route/page component,operations,true,false,false,false,false,false,false,d0c11f1,yes - categorized by path/content scan,true,false,medium,Tracked source; 33307 bytes
src/pages/PaymentReconciliationPage.jsx,.jsx,Route/page component,finance,true,false,false,false,false,false,false,d0c11f1,yes - categorized by path/content scan,true,false,medium,Tracked source; 21688 bytes
src/pages/PaymentsPage.jsx,.jsx,Route/page component,finance,true,false,false,false,false,false,false,d0c11f1,yes - categorized by path/content scan,true,false,medium,Tracked source; 24453 bytes
src/pages/QaPage.jsx,.jsx,Route/page component,system qa,true,false,false,false,false,false,false,d0c11f1,yes - categorized by path/content scan,true,false,low,Tracked source; 44943 bytes
src/pages/RegistrationsPage.jsx,.jsx,Route/page component,registrations,true,false,false,false,false,false,false,0beba7f,yes - categorized by path/content scan,true,false,low,Tracked source; 41244 bytes
src/pages/ScannerPage.jsx,.jsx,Route/page component,scanner,true,false,false,false,false,false,false,93117d6,yes - categorized by path/content scan,true,false,low,Tracked source; 21918 bytes
src/pages/SettingsPage.jsx,.jsx,Route/page component,routes,true,false,false,false,false,false,false,67219c5,yes - categorized by path/content scan,true,false,low,Tracked source; 16301 bytes
src/pages/TicketsPage.jsx,.jsx,Route/page component,tickets,true,false,false,false,false,false,false,ebccf1f,yes - categorized by path/content scan,true,false,low,Tracked source; 26938 bytes
src/services/accessRequestContract.js,.js,Firestore/service boundary,services,true,false,false,false,false,false,false,d0c11f1,yes - categorized by path/content scan,true,false,medium,Tracked source; 2764 bytes
src/services/auditService.js,.js,Firestore/service boundary,services,true,false,false,false,false,false,false,7e8f8ab,yes - categorized by path/content scan,true,false,low,Tracked source; 627 bytes
src/services/cpbAuditBackfill.js,.js,Firestore/service boundary,services,true,false,false,false,false,false,false,d0c11f1,yes - categorized by path/content scan,true,false,high,Tracked source; 17103 bytes
src/services/eventService.js,.js,Firestore/service boundary,services,true,false,false,false,false,false,false,19dc1c1,yes - categorized by path/content scan,true,false,low,Tracked source; 7623 bytes
src/services/importService.js,.js,Firestore/service boundary,imports,true,false,false,false,false,false,false,cc60d5c,yes - categorized by path/content scan,true,false,low,Tracked source; 3438 bytes
src/services/operationsLedgerService.js,.js,Firestore/service boundary,operations,true,false,false,false,false,false,false,2e6d361,yes - categorized by path/content scan,true,false,medium,Tracked source; 4424 bytes
src/services/reconciliationReadService.js,.js,Firestore/service boundary,services,true,false,false,false,false,false,false,6342833,yes - categorized by path/content scan,true,false,low,Tracked source; 1014 bytes
src/services/registrationService.js,.js,Firestore/service boundary,registrations,true,false,false,false,false,false,false,9e5a605,yes - categorized by path/content scan,true,false,low,Tracked source; 10865 bytes
src/services/ticketService.js,.js,Firestore/service boundary,tickets,true,false,false,false,false,false,false,0479652,yes - categorized by path/content scan,true,false,low,Tracked source; 5116 bytes
src/styles.css,.css,Application source,source,true,false,false,false,false,false,false,91b8610,yes - categorized by path/content scan,true,false,low,Tracked source; 8272 bytes
src/tutorial/TutorialArrow.jsx,.jsx,Application source,tutorial,true,false,false,false,false,false,false,67219c5,yes - categorized by path/content scan,true,false,low,Tracked source; 564 bytes
src/tutorial/TutorialCompletion.jsx,.jsx,Application source,tutorial,true,false,false,false,false,false,false,67219c5,yes - categorized by path/content scan,true,false,low,Tracked source; 1312 bytes
src/tutorial/TutorialContext.js,.js,Application source,tutorial,true,false,false,false,false,false,false,67219c5,yes - categorized by path/content scan,true,false,low,Tracked source; 93 bytes
src/tutorial/TutorialController.js,.js,Application source,tutorial,true,false,false,false,false,false,false,0beba7f,yes - categorized by path/content scan,true,false,low,Tracked source; 9216 bytes
src/tutorial/TutorialErrorBoundary.jsx,.jsx,Application source,tutorial,true,false,false,false,false,false,false,67219c5,yes - categorized by path/content scan,true,false,low,Tracked source; 951 bytes
src/tutorial/TutorialOverlay.jsx,.jsx,Application source,tutorial,true,false,false,false,false,false,false,0beba7f,yes - categorized by path/content scan,true,false,low,Tracked source; 6290 bytes
src/tutorial/TutorialProgress.jsx,.jsx,Application source,tutorial,true,false,false,false,false,false,false,67219c5,yes - categorized by path/content scan,true,false,low,Tracked source; 516 bytes
src/tutorial/TutorialProvider.jsx,.jsx,Application source,tutorial,true,false,false,false,false,false,false,0beba7f,yes - categorized by path/content scan,true,false,low,Tracked source; 9186 bytes
src/tutorial/TutorialSpotlight.jsx,.jsx,Application source,tutorial,true,false,false,false,false,false,false,0beba7f,yes - categorized by path/content scan,true,false,low,Tracked source; 568 bytes
src/tutorial/TutorialStateMachine.js,.js,Application source,tutorial,true,false,false,false,false,false,false,67219c5,yes - categorized by path/content scan,true,false,low,Tracked source; 3387 bytes
src/tutorial/TutorialTarget.jsx,.jsx,Application source,tutorial,true,false,false,false,false,false,false,67219c5,yes - categorized by path/content scan,true,false,low,Tracked source; 225 bytes
src/tutorial/TutorialTooltip.jsx,.jsx,Application source,tutorial,true,false,false,false,false,false,false,0beba7f,yes - categorized by path/content scan,true,false,low,Tracked source; 6148 bytes
src/tutorial/WelcomeCelebration.jsx,.jsx,Application source,tutorial,true,false,false,false,false,false,false,67219c5,yes - categorized by path/content scan,true,false,low,Tracked source; 4489 bytes
src/tutorial/tutorialDiagnostics.js,.js,Application source,tutorial,true,false,false,false,false,false,false,67219c5,yes - categorized by path/content scan,true,false,low,Tracked source; 891 bytes
src/tutorial/tutorialRegistry.js,.js,Application source,tutorial,true,false,false,false,false,false,false,0beba7f,yes - categorized by path/content scan,true,false,low,Tracked source; 2662 bytes
src/tutorial/tutorialRoutes.js,.js,Application source,tutorial,true,false,false,false,false,false,false,67219c5,yes - categorized by path/content scan,true,false,low,Tracked source; 1493 bytes
src/tutorial/tutorialSteps.js,.js,Application source,tutorial,true,false,false,false,false,false,false,0beba7f,yes - categorized by path/content scan,true,false,low,Tracked source; 20408 bytes
src/tutorial/tutorialStorage.js,.js,Application source,tutorial,true,false,false,false,false,false,false,67219c5,yes - categorized by path/content scan,true,false,low,Tracked source; 2728 bytes
src/tutorial/useTutorial.js,.js,Application source,tutorial,true,false,false,false,false,false,false,67219c5,yes - categorized by path/content scan,true,false,low,Tracked source; 280 bytes
src/tutorial/useTutorialTarget.js,.js,Application source,tutorial,true,false,false,false,false,false,false,67219c5,yes - categorized by path/content scan,true,false,low,Tracked source; 281 bytes
src/utils/accessRoles.js,.js,Shared product utility,utilities,true,false,false,false,false,false,false,2e9ed09,yes - categorized by path/content scan,true,false,medium,Tracked source; 12165 bytes
src/utils/adminSearch.js,.js,Shared product utility,utilities,true,false,false,false,false,false,false,67193aa,yes - categorized by path/content scan,true,false,high,Tracked source; 2079 bytes
src/utils/attendanceUtils.js,.js,Shared product utility,utilities,true,false,false,false,false,false,false,9e5a605,yes - categorized by path/content scan,true,false,low,Tracked source; 1910 bytes
src/utils/checkInUtils.js,.js,Shared product utility,check-in,true,false,false,false,false,false,false,6a33905,yes - categorized by path/content scan,true,false,low,Tracked source; 3497 bytes
src/utils/communicationsUtils.js,.js,Shared product utility,message builder,true,false,false,false,false,false,false,88e35bd,yes - categorized by path/content scan,true,false,low,Tracked source; 15678 bytes
src/utils/dateUtils.js,.js,Shared product utility,utilities,true,false,false,false,false,false,false,d0b0da3,yes - categorized by path/content scan,true,false,low,Tracked source; 2765 bytes
src/utils/eventDayUtils.js,.js,Shared product utility,utilities,true,false,false,false,false,false,false,b390e98,yes - categorized by path/content scan,true,false,low,Tracked source; 3140 bytes
src/utils/eventDefaults.js,.js,Shared product utility,utilities,true,false,false,false,false,false,false,1cecfb5,yes - categorized by path/content scan,true,false,low,Tracked source; 488 bytes
src/utils/eventPlanning.js,.js,Shared product utility,utilities,true,false,false,false,false,false,false,d0c11f1,yes - categorized by path/content scan,true,false,low,Tracked source; 26916 bytes
src/utils/eventReadiness.js,.js,Shared product utility,utilities,true,false,false,false,false,false,false,0beba7f,yes - categorized by path/content scan,true,false,low,Tracked source; 14291 bytes
src/utils/eventReview.js,.js,Shared product utility,reports,true,false,false,false,false,false,false,1e5f9df,yes - categorized by path/content scan,true,false,low,Tracked source; 20598 bytes
src/utils/exportUtils.js,.js,Shared product utility,utilities,true,false,false,false,false,false,false,cc60d5c,yes - categorized by path/content scan,true,false,low,Tracked source; 6705 bytes
src/utils/financeUtils.js,.js,Shared product utility,finance,true,false,false,false,false,false,false,0beba7f,yes - categorized by path/content scan,true,false,medium,Tracked source; 40009 bytes
src/utils/financialEvidenceAudit.js,.js,Shared product utility,utilities,true,false,false,false,false,false,false,4ecc0e9,yes - categorized by path/content scan,true,false,low,Tracked source; 3957 bytes
src/utils/formResponseInbox.js,.js,Shared product utility,utilities,true,false,false,false,false,false,false,2f7996f,yes - categorized by path/content scan,true,false,low,Tracked source; 7208 bytes
src/utils/importSources.js,.js,Shared product utility,imports,true,false,false,false,false,false,false,93117d6,yes - categorized by path/content scan,true,false,low,Tracked source; 1220 bytes
src/utils/importUtils.js,.js,Shared product utility,imports,true,false,false,false,false,false,false,0d2d75d,yes - categorized by path/content scan,true,false,low,Tracked source; 30623 bytes
src/utils/manifestApplyEngine.js,.js,Shared product utility,utilities,true,false,false,false,false,false,false,d0c11f1,yes - categorized by path/content scan,true,false,high,Tracked source; 3654 bytes
src/utils/navigation.js,.js,Shared product utility,utilities,true,false,false,false,false,false,false,80a551b,yes - categorized by path/content scan,true,false,low,Tracked source; 627 bytes
src/utils/operationsReport.js,.js,Shared product utility,operations,true,false,false,false,false,false,false,07b7a7e,yes - categorized by path/content scan,true,false,medium,Tracked source; 6082 bytes
src/utils/organizerDisplay.js,.js,Shared product utility,utilities,true,false,false,false,false,false,false,80a551b,yes - categorized by path/content scan,true,false,low,Tracked source; 1004 bytes
src/utils/paymentReconciliation.js,.js,Shared product utility,finance,true,false,false,false,false,false,false,d0c11f1,yes - categorized by path/content scan,true,false,medium,Tracked source; 25210 bytes
src/utils/paymentStatus.js,.js,Shared product utility,finance,true,false,false,false,false,false,false,9c47500,yes - categorized by path/content scan,true,false,medium,Tracked source; 1925 bytes
src/utils/qaHelper.js,.js,Shared product utility,system qa,true,false,false,false,false,false,false,d0c11f1,yes - categorized by path/content scan,true,false,low,Tracked source; 8760 bytes
src/utils/qrTicketUtils.js,.js,Shared product utility,tickets,true,false,false,false,false,false,false,7cf4aa2,yes - categorized by path/content scan,true,false,low,Tracked source; 1340 bytes
src/utils/reconciliationWorkbook.js,.js,Shared product utility,utilities,true,false,false,false,false,false,false,6342833,yes - categorized by path/content scan,true,false,low,Tracked source; 5639 bytes
src/utils/registrationMetrics.js,.js,Shared product utility,registrations,true,false,false,false,false,false,false,bbdef8e,yes - categorized by path/content scan,true,false,low,Tracked source; 3667 bytes
src/utils/runtimeHealth.js,.js,Shared product utility,utilities,true,false,false,false,false,false,false,005b549,yes - categorized by path/content scan,true,false,low,Tracked source; 5149 bytes
src/utils/ticketUtils.js,.js,Shared product utility,tickets,true,false,false,false,false,false,false,1cecfb5,yes - categorized by path/content scan,true,false,low,Tracked source; 5542 bytes
src/utils/validators.js,.js,Shared product utility,utilities,true,false,false,false,false,false,false,9e5a605,yes - categorized by path/content scan,true,false,low,Tracked source; 10442 bytes
src/utils/xlsxImport.js,.js,Shared product utility,imports,true,false,false,false,false,false,false,5f68ac9,yes - categorized by path/content scan,true,false,low,Tracked source; 1224 bytes
tests/auth-reliability.test.js,.js,Automated test or Playwright E2E,authentication,false,true,false,false,false,false,false,537c0ec,yes - categorized by path/content scan,true,false,medium,Tracked test; 3906 bytes
tests/csv-parser.test.js,.js,Automated test or Playwright E2E,test,false,true,false,false,false,false,false,b390e98,yes - categorized by path/content scan,true,false,low,Tracked test; 4977 bytes
tests/event-readiness.test.js,.js,Automated test or Playwright E2E,test,false,true,false,false,false,false,false,15918f4,yes - categorized by path/content scan,true,false,low,Tracked test; 4105 bytes
tests/event-utils.test.js,.js,Automated test or Playwright E2E,test,false,true,false,false,false,false,false,bbc5f27,yes - categorized by path/content scan,true,false,low,Tracked test; 2586 bytes
tests/firestore-checkin-rules.test.js,.js,Automated test or Playwright E2E,check-in,false,true,false,false,false,false,false,2e9ed09,yes - categorized by path/content scan,true,false,low,Tracked test; 26168 bytes
tests/google-forms-response-inbox.test.js,.js,Automated test or Playwright E2E,google forms,false,true,false,false,false,false,false,2f7996f,yes - categorized by path/content scan,true,false,low,Tracked test; 6370 bytes
tests/import-center.test.js,.js,Automated test or Playwright E2E,imports,false,true,false,false,false,false,false,9ce8ccf,yes - categorized by path/content scan,true,false,low,Tracked test; 4303 bytes
tests/onboarding-flow.test.js,.js,Automated test or Playwright E2E,tutorial,false,true,false,false,false,false,false,0beba7f,yes - categorized by path/content scan,true,false,low,Tracked test; 12284 bytes
tests/onboarding-rules.test.js,.js,Automated test or Playwright E2E,tutorial,false,true,false,false,false,false,false,0beba7f,yes - categorized by path/content scan,true,false,low,Tracked test; 12095 bytes
tests/phase10-phase11-roles-communications.test.js,.js,Automated test or Playwright E2E,message builder,false,true,false,false,false,false,true,93117d6,yes - categorized by path/content scan,true,false,low,Tracked test; 8208 bytes
tests/phase14-camera-checkin.test.js,.js,Automated test or Playwright E2E,check-in,false,true,false,false,false,false,true,005b549,yes - categorized by path/content scan,true,false,low,Tracked test; 9002 bytes
tests/phase14b-payment-audit-backfill.test.js,.js,Automated test or Playwright E2E,finance,false,true,false,false,false,false,true,d0c11f1,yes - categorized by path/content scan,true,false,high,Tracked test; 10594 bytes
tests/phase15a-security-headers.test.js,.js,Automated test or Playwright E2E,test,false,true,false,false,false,false,true,a2d08e7,yes - categorized by path/content scan,true,false,low,Tracked test; 2289 bytes
tests/phase15b-xlsx-roadmap-access-ops.test.js,.js,Automated test or Playwright E2E,test,false,true,false,false,false,false,true,d0c11f1,yes - categorized by path/content scan,true,false,medium,Tracked test; 7885 bytes
tests/phase16-live-load-ticket-checkin-qa.test.js,.js,Automated test or Playwright E2E,tickets,false,true,false,false,false,false,true,d0c11f1,yes - categorized by path/content scan,true,false,low,Tracked test; 4866 bytes
tests/phase17b-staff-access.test.js,.js,Automated test or Playwright E2E,test,false,true,false,false,false,false,true,16d2526,yes - categorized by path/content scan,true,false,medium,Tracked test; 7776 bytes
tests/phase17c-b-scanner-page.test.js,.js,Automated test or Playwright E2E,scanner,false,true,false,false,false,false,true,93117d6,yes - categorized by path/content scan,true,false,low,Tracked test; 15157 bytes
tests/phase17c-rules-readiness.test.js,.js,Automated test or Playwright E2E,test,false,true,false,false,false,false,true,e104b86,yes - categorized by path/content scan,true,false,low,Tracked test; 9323 bytes
tests/phase17e-b-access-request-rules.test.js,.js,Automated test or Playwright E2E,test,false,true,false,false,false,false,true,93117d6,yes - categorized by path/content scan,true,false,medium,Tracked test; 6100 bytes
tests/phase17e-cde-ui-readiness-ci.test.js,.js,Automated test or Playwright E2E,test,false,true,false,false,false,false,true,93117d6,yes - categorized by path/content scan,true,false,low,Tracked test; 2512 bytes
tests/phase17f-access-workflow-continuation.test.js,.js,Automated test or Playwright E2E,test,false,true,false,false,false,false,true,d0c11f1,yes - categorized by path/content scan,true,false,medium,Tracked test; 8845 bytes
tests/phase17r-release-stabilizer.test.js,.js,Automated test or Playwright E2E,test,false,true,false,false,false,false,true,15918f4,yes - categorized by path/content scan,true,false,low,Tracked test; 4700 bytes
tests/phase18-core-app-readiness.test.js,.js,Automated test or Playwright E2E,test,false,true,false,false,false,false,true,23d2dbd,yes - categorized by path/content scan,true,false,low,Tracked test; 2688 bytes
tests/phase19-operations-productivity.test.js,.js,Automated test or Playwright E2E,operations,false,true,false,false,false,false,true,91b8610,yes - categorized by path/content scan,true,false,medium,Tracked test; 4367 bytes
tests/phase20-real-use.test.js,.js,Automated test or Playwright E2E,test,false,true,false,false,false,false,true,15918f4,yes - categorized by path/content scan,true,false,low,Tracked test; 2998 bytes
tests/phase21-command-center.test.js,.js,Automated test or Playwright E2E,test,false,true,false,false,false,false,true,15918f4,yes - categorized by path/content scan,true,false,low,Tracked test; 2700 bytes
tests/phase22-event-review.test.js,.js,Automated test or Playwright E2E,test,false,true,false,false,false,false,true,15918f4,yes - categorized by path/content scan,true,false,low,Tracked test; 11948 bytes
tests/phase23a-product-structure-ui-reset.test.js,.js,Automated test or Playwright E2E,test,false,true,false,false,false,false,true,15918f4,yes - categorized by path/content scan,true,false,low,Tracked test; 5261 bytes
tests/phase23b-payments-operations-boundaries.test.js,.js,Automated test or Playwright E2E,finance,false,true,false,false,false,false,true,d0c11f1,yes - categorized by path/content scan,true,false,medium,Tracked test; 11919 bytes
tests/phase23c-payment-reconciliation.test.js,.js,Automated test or Playwright E2E,finance,false,true,false,false,false,false,true,d0c11f1,yes - categorized by path/content scan,true,false,medium,Tracked test; 15614 bytes
tests/phase23d0-registration-payment-editing-audit.test.js,.js,Automated test or Playwright E2E,registrations,false,true,false,false,false,false,true,6e4ae33,yes - categorized by path/content scan,true,false,medium,Tracked test; 10532 bytes
tests/phase23e-cpb-manifest-regeneration.test.js,.js,Automated test or Playwright E2E,test,false,true,false,false,false,false,true,d0c11f1,yes - categorized by path/content scan,true,false,low,Tracked test; 5652 bytes
tests/phase23f-cpb-approval-package.test.js,.js,Automated test or Playwright E2E,test,false,true,false,false,false,false,true,5d271e2,yes - categorized by path/content scan,true,false,low,Tracked test; 2581 bytes
tests/phase23g-apply-rehearsal.test.js,.js,Automated test or Playwright E2E,test,false,true,false,false,false,false,true,d0c11f1,yes - categorized by path/content scan,true,false,high,Tracked test; 5161 bytes
tests/phase23m-overview-payments-usability.test.js,.js,Automated test or Playwright E2E,finance,false,true,false,false,false,false,true,15918f4,yes - categorized by path/content scan,true,false,medium,Tracked test; 7320 bytes
tests/phase23n-financial-evidence-reconciliation.test.js,.js,Automated test or Playwright E2E,test,false,true,false,false,false,false,true,d0c11f1,yes - categorized by path/content scan,true,false,low,Tracked test; 10873 bytes
tests/phase23o-protected-owner-access.test.js,.js,Automated test or Playwright E2E,test,false,true,false,false,false,false,true,d0c11f1,yes - categorized by path/content scan,true,false,medium,Tracked test; 5999 bytes
tests/phase23p-product-foundation.test.js,.js,Automated test or Playwright E2E,test,false,true,false,false,false,false,true,d0c11f1,yes - categorized by path/content scan,true,false,low,Tracked test; 4460 bytes
tests/phase23q-finance-status-classification.test.js,.js,Automated test or Playwright E2E,finance,false,true,false,false,false,false,true,88e35bd,yes - categorized by path/content scan,true,false,medium,Tracked test; 9250 bytes
tests/phase23r-cpb-data-review-rationalization.test.js,.js,Automated test or Playwright E2E,test,false,true,false,false,false,false,true,88e35bd,yes - categorized by path/content scan,true,false,low,Tracked test; 11434 bytes
tests/phase23s-prototype-readiness.test.js,.js,Automated test or Playwright E2E,test,false,true,false,false,false,false,true,0beba7f,yes - categorized by path/content scan,true,false,low,Tracked test; 3409 bytes
tests/phase23t-organizer-ready-mvp.test.js,.js,Automated test or Playwright E2E,test,false,true,false,false,false,false,true,15918f4,yes - categorized by path/content scan,true,false,low,Tracked test; 5137 bytes
tests/phase23v-visual-layout-information-architecture.test.js,.js,Automated test or Playwright E2E,test,false,true,false,false,false,false,true,d0c11f1,yes - categorized by path/content scan,true,false,low,Tracked test; 4547 bytes
tests/phase25-foundation.test.js,.js,Automated test or Playwright E2E,test,false,true,false,false,false,false,true,15918f4,yes - categorized by path/content scan,true,false,low,Tracked test; 6564 bytes
tests/phase26-event-categories-capabilities.test.js,.js,Automated test or Playwright E2E,test,false,true,false,false,false,false,true,9e5a605,yes - categorized by path/content scan,true,false,low,Tracked test; 4524 bytes
tests/phase26-historical-attendance-foundation.test.js,.js,Automated test or Playwright E2E,test,false,true,false,false,false,false,true,9e5a605,yes - categorized by path/content scan,true,false,low,Tracked test; 4971 bytes
tests/phase26-interactive-product-tour.test.js,.js,Automated test or Playwright E2E,test,false,true,false,false,false,false,true,0beba7f,yes - categorized by path/content scan,true,false,low,Tracked test; 3408 bytes
tests/phase26-personalization-navigation-footer.test.js,.js,Automated test or Playwright E2E,test,false,true,false,false,false,false,true,80a551b,yes - categorized by path/content scan,true,false,low,Tracked test; 3337 bytes
tests/phase31-additions.test.js,.js,Automated test or Playwright E2E,test,false,true,false,false,false,false,true,15918f4,yes - categorized by path/content scan,true,false,low,Tracked test; 8831 bytes
tests/phase45-ticketing.test.js,.js,Automated test or Playwright E2E,tickets,false,true,false,false,false,false,true,1cecfb5,yes - categorized by path/content scan,true,false,low,Tracked test; 10240 bytes
tests/phase6-communications.test.js,.js,Automated test or Playwright E2E,message builder,false,true,false,false,false,false,true,fad3d3b,yes - categorized by path/content scan,true,false,low,Tracked test; 4393 bytes
tests/phase7-qr-checkin.test.js,.js,Automated test or Playwright E2E,check-in,false,true,false,false,false,false,true,57a76a7,yes - categorized by path/content scan,true,false,low,Tracked test; 3021 bytes
tests/phase8-event-day-polish.test.js,.js,Automated test or Playwright E2E,test,false,true,false,false,false,false,true,15918f4,yes - categorized by path/content scan,true,false,low,Tracked test; 5028 bytes
tests/phase81-import-center.test.js,.js,Automated test or Playwright E2E,imports,false,true,false,false,false,false,true,9ce8ccf,yes - categorized by path/content scan,true,false,low,Tracked test; 20030 bytes
tests/phase82-admin-polish.test.js,.js,Automated test or Playwright E2E,test,false,true,false,false,false,false,true,93117d6,yes - categorized by path/content scan,true,false,high,Tracked test; 6049 bytes
tests/phase83-phase9-finance.test.js,.js,Automated test or Playwright E2E,finance,false,true,false,false,false,false,true,15918f4,yes - categorized by path/content scan,true,false,medium,Tracked test; 8173 bytes
tests/production-qa.test.js,.js,Automated test or Playwright E2E,system qa,false,true,false,false,false,false,false,d0c11f1,yes - categorized by path/content scan,true,false,high,Tracked test; 2992 bytes
tests/registration-metrics.test.js,.js,Automated test or Playwright E2E,registrations,false,true,false,false,false,false,false,9ce8ccf,yes - categorized by path/content scan,true,false,low,Tracked test; 5660 bytes
tests/registration-utils.test.js,.js,Automated test or Playwright E2E,registrations,false,true,false,false,false,false,false,d0b0da3,yes - categorized by path/content scan,true,false,low,Tracked test; 1588 bytes
tests/repository-hygiene.test.js,.js,Automated test or Playwright E2E,test,false,true,false,false,false,false,false,93117d6,yes - categorized by path/content scan,true,false,low,Tracked test; 902 bytes
tests/search-health.test.js,.js,Automated test or Playwright E2E,test,false,true,false,false,false,false,false,8f46b17,yes - categorized by path/content scan,true,false,low,Tracked test; 3621 bytes
vite.config.js,.js,"Build, Firebase, CI, dependency or tooling config",configuration,false,false,true,false,false,false,false,7fa95a1,yes - categorized by path/content scan,true,false,low,Tracked configuration; 843 bytes